doc,Topic #1,Topic #2
AH_1996_001.txt,0.7249699,0.27503008
AH_1996_002.txt,0.00010202634,0.999898
AH_1996_005.txt,0.9997246,0.00027539584
AH_1996_004.txt,0.00012795381,0.999872
AH_1996_003.txt,0.9998654,0.00013455967