doc,Topic #1,Topic #2,Topic #3
test2.pdf.txt,0.00016050943,0.00016051327,0.99967897