doc,Topic #1,Topic #2
AH_1996_010.txt,0.9998802,0.00011978738