topics,score
21,-1.3505388296810712
22,-1.4027897374065756
23,-1.3561969982157387
24,-1.4120715533298478
25,-1.378441883239725
