doc,Topic #1,Topic #2
AH_1996_006.txt,0.9646061,0.035393905
AH_1996_010.txt,0.99984854,0.00015149708
AH_1996_001.txt,0.34133306,0.65866697
AH_1996_007.txt,0.9998841,0.000115920375
AH_1996_009.txt,0.00025270946,0.99974734
AH_1996_003.txt,0.00015022421,0.9998498
AH_1996_004.txt,0.00014452302,0.9998555
AH_1996_002.txt,0.00013407337,0.99986595
AH_1996_008.txt,0.99984455,0.00015547147
AH_1996_005.txt,0.9997293,0.0002707087